nballs,dtheta_label,seed,timesteps,mean_reward,cycle_length,rho,area,noop_fraction,arm,source,howard_gain_from_summary,howard_L_from_summary,rho_eff,area_eff,mean_reward_eff,cycle_length_eff,howard_gain,howard_L,recovery_pct
3,pi20,0,1000000,0.7425909399403339,21,35.71810155743245,0.4365968251048334,,monolithic,/Users/bthomases/Documents/Student_Projects/RL_cilia/RL_cilia_python/phase4_Nball_exploration/results/ppo_sweeps_general/N3_dtheta_pi20/seed_000/summary.json,0.8013941717682974,48.0,35.71810155743245,0.4365968251048334,0.7425909399403339,21.0,0.8013941717682974,48,92.66238339390307
3,pi20,1,1000000,0.7635354551280867,23,36.20126986923067,0.4851021947954446,,monolithic,/Users/bthomases/Documents/Student_Projects/RL_cilia/RL_cilia_python/phase4_Nball_exploration/results/ppo_sweeps_general/N3_dtheta_pi20/seed_001/summary.json,0.8013941717682974,48.0,36.20126986923067,0.4851021947954446,0.7635354551280867,23.0,0.8013941717682974,48,95.27589319040412
3,pi20,2,1000000,0.7226567025462594,20,36.21836241651637,0.3990554262148043,,monolithic,/Users/bthomases/Documents/Student_Projects/RL_cilia/RL_cilia_python/phase4_Nball_exploration/results/ppo_sweeps_general/N3_dtheta_pi20/seed_002/summary.json,0.8013941717682974,48.0,36.21836241651637,0.3990554262148043,0.7226567025462594,20.0,0.8013941717682974,48,90.17493862623161
3,pi20,3,1000000,0.762280835286456,22,36.15678224719674,0.4638183304489778,,monolithic,/Users/bthomases/Documents/Student_Projects/RL_cilia/RL_cilia_python/phase4_Nball_exploration/results/ppo_sweeps_general/N3_dtheta_pi20/seed_003/summary.json,0.8013941717682974,48.0,36.15678224719674,0.4638183304489778,0.762280835286456,22.0,0.8013941717682974,48,95.119338540292
3,pi20,4,1000000,0.7517452494931287,20,35.486645045353455,0.4236778362859413,,monolithic,/Users/bthomases/Documents/Student_Projects/RL_cilia/RL_cilia_python/phase4_Nball_exploration/results/ppo_sweeps_general/N3_dtheta_pi20/seed_004/summary.json,0.8013941717682974,48.0,35.486645045353455,0.4236778362859413,0.7517452494931287,20.0,0.8013941717682974,48,93.80468138848364
3,pi20,5,1000000,0.7714150852690849,21,36.8089849237326,0.4401022419992356,,monolithic,/Users/bthomases/Documents/Student_Projects/RL_cilia/RL_cilia_python/phase4_Nball_exploration/results/ppo_sweeps_general/N3_dtheta_pi20/seed_005/summary.json,0.8013941717682974,48.0,36.8089849237326,0.4401022419992356,0.7714150852690849,21.0,0.8013941717682974,48,96.25913345076331
3,pi20,6,1000000,0.7425909399403339,21,35.71810155743245,0.4365968251048333,,monolithic,/Users/bthomases/Documents/Student_Projects/RL_cilia/RL_cilia_python/phase4_Nball_exploration/results/ppo_sweeps_general/N3_dtheta_pi20/seed_006/summary.json,0.8013941717682974,48.0,35.71810155743245,0.4365968251048333,0.7425909399403339,21.0,0.8013941717682974,48,92.66238339390307
3,pi20,7,1000000,0.7539532618311808,20,36.50217064802825,0.4131005079676857,,monolithic,/Users/bthomases/Documents/Student_Projects/RL_cilia/RL_cilia_python/phase4_Nball_exploration/results/ppo_sweeps_general/N3_dtheta_pi20/seed_007/summary.json,0.8013941717682974,48.0,36.50217064802825,0.4131005079676857,0.7539532618311808,20.0,0.8013941717682974,48,94.08020277556587
3,pi20,8,1000000,0.7231259017918749,19,37.31145165715638,0.3682352608601973,,monolithic,/Users/bthomases/Documents/Student_Projects/RL_cilia/RL_cilia_python/phase4_Nball_exploration/results/ppo_sweeps_general/N3_dtheta_pi20/seed_008/summary.json,0.8013941717682974,48.0,37.31145165715638,0.3682352608601973,0.7231259017918749,19.0,0.8013941717682974,48,90.2334864996932
3,pi20,9,1000000,0.7539699233218468,22,36.65694583309143,0.4525019184251486,,monolithic,/Users/bthomases/Documents/Student_Projects/RL_cilia/RL_cilia_python/phase4_Nball_exploration/results/ppo_sweeps_general/N3_dtheta_pi20/seed_009/summary.json,0.8013941717682974,48.0,36.65694583309143,0.4525019184251486,0.7539699233218468,22.0,0.8013941717682974,48,94.08228183868523
3,pi30,0,1000000,0.41421550618096925,26,36.46167154397135,0.2953677849825804,,monolithic,/Users/bthomases/Documents/Student_Projects/RL_cilia/RL_cilia_python/phase4_Nball_exploration/results/ppo_sweeps_general/N3_dtheta_pi30/seed_000/summary.json,0.5394214790584808,35.0,36.46167154397135,0.2953677849825804,0.4142155061809692,26.0,0.5394214790584808,35,76.78884179843023
3,pi30,1,1000000,0.4744125765842495,30,36.62307394543491,0.3886177691892398,,monolithic,/Users/bthomases/Documents/Student_Projects/RL_cilia/RL_cilia_python/phase4_Nball_exploration/results/ppo_sweeps_general/N3_dtheta_pi30/seed_001/summary.json,0.5394214790584808,35.0,36.62307394543491,0.3886177691892398,0.4744125765842495,30.0,0.5394214790584808,35,87.94840305808745
3,pi30,2,1000000,0.47207438179087813,30,37.032142773705715,0.3824307856088221,,monolithic,/Users/bthomases/Documents/Student_Projects/RL_cilia/RL_cilia_python/phase4_Nball_exploration/results/ppo_sweeps_general/N3_dtheta_pi30/seed_002/summary.json,0.5394214790584808,35.0,37.032142773705715,0.3824307856088221,0.4720743817908781,30.0,0.5394214790584808,35,87.51493963771115
3,pi30,3,1000000,0.5120769653056412,32,36.16618064415769,0.4530880120023842,,monolithic,/Users/bthomases/Documents/Student_Projects/RL_cilia/RL_cilia_python/phase4_Nball_exploration/results/ppo_sweeps_general/N3_dtheta_pi30/seed_003/summary.json,0.5394214790584808,35.0,36.16618064415769,0.4530880120023842,0.5120769653056412,32.0,0.5394214790584808,35,94.9307703133054
3,pi30,4,1000000,0.4852058259184408,30,38.10019190417316,0.3820499071018818,,monolithic,/Users/bthomases/Documents/Student_Projects/RL_cilia/RL_cilia_python/phase4_Nball_exploration/results/ppo_sweeps_general/N3_dtheta_pi30/seed_004/summary.json,0.5394214790584808,35.0,38.10019190417316,0.3820499071018818,0.4852058259184408,30.0,0.5394214790584808,35,89.94929656218561
3,pi30,5,1000000,0.3989612223847216,24,38.91945639256568,0.2460226895425581,,monolithic,/Users/bthomases/Documents/Student_Projects/RL_cilia/RL_cilia_python/phase4_Nball_exploration/results/ppo_sweeps_general/N3_dtheta_pi30/seed_005/summary.json,0.5394214790584808,35.0,38.91945639256568,0.2460226895425581,0.3989612223847216,24.0,0.5394214790584808,35,73.96094480351024
3,pi30,6,1000000,0.4625443505827152,28,36.7969451374647,0.3519651364517691,,monolithic,/Users/bthomases/Documents/Student_Projects/RL_cilia/RL_cilia_python/phase4_Nball_exploration/results/ppo_sweeps_general/N3_dtheta_pi30/seed_006/summary.json,0.5394214790584808,35.0,36.7969451374647,0.3519651364517691,0.4625443505827152,28.0,0.5394214790584808,35,85.74822630163915
3,pi30,7,1000000,0.49574433706005083,30,36.52723589732745,0.4071572826809398,,monolithic,/Users/bthomases/Documents/Student_Projects/RL_cilia/RL_cilia_python/phase4_Nball_exploration/results/ppo_sweeps_general/N3_dtheta_pi30/seed_007/summary.json,0.5394214790584808,35.0,36.52723589732745,0.4071572826809398,0.4957443370600508,30.0,0.5394214790584808,35,91.90296573383301
3,pi30,8,1000000,0.4970809884961135,30,36.58061742676305,0.4076593208066848,,monolithic,/Users/bthomases/Documents/Student_Projects/RL_cilia/RL_cilia_python/phase4_Nball_exploration/results/ppo_sweeps_general/N3_dtheta_pi30/seed_008/summary.json,0.5394214790584808,35.0,36.58061742676305,0.4076593208066848,0.4970809884961135,30.0,0.5394214790584808,35,92.15075924743125
3,pi30,9,1000000,0.4902011874427924,31,36.01893354768205,0.4218958007351802,,monolithic,/Users/bthomases/Documents/Student_Projects/RL_cilia/RL_cilia_python/phase4_Nball_exploration/results/ppo_sweeps_general/N3_dtheta_pi30/seed_009/summary.json,0.5394214790584808,35.0,36.01893354768205,0.4218958007351802,0.4902011874427924,31.0,0.5394214790584808,35,90.87535563070297
4,pi20,0,1000000,1.1861075779338621,20,43.219388315453486,0.5488775404578128,,monolithic,/Users/bthomases/Documents/Student_Projects/RL_cilia/RL_cilia_python/phase4_Nball_exploration/results/ppo_sweeps_general/N4_dtheta_pi20/seed_000/summary.json,1.239866508687157,21.0,43.219388315453486,0.5488775404578128,1.186107577933862,20.0,1.239866508687157,21,95.66413558422366
4,pi20,1,1000000,1.119447816759888,19,42.78875577651867,0.497081724683147,,monolithic,/Users/bthomases/Documents/Student_Projects/RL_cilia/RL_cilia_python/phase4_Nball_exploration/results/ppo_sweeps_general/N4_dtheta_pi20/seed_001/summary.json,1.239866508687157,21.0,42.78875577651867,0.497081724683147,1.119447816759888,19.0,1.239866508687157,21,90.28776960394106
4,pi20,2,1000000,1.1303680411548571,18,42.91764763031729,0.4740852741056209,,monolithic,/Users/bthomases/Documents/Student_Projects/RL_cilia/RL_cilia_python/phase4_Nball_exploration/results/ppo_sweeps_general/N4_dtheta_pi20/seed_002/summary.json,1.239866508687157,21.0,42.91764763031729,0.4740852741056209,1.1303680411548571,18.0,1.239866508687157,21,91.16852767898027
4,pi20,3,1000000,1.145385597283724,19,43.720898645247814,0.4977556963083187,,monolithic,/Users/bthomases/Documents/Student_Projects/RL_cilia/RL_cilia_python/phase4_Nball_exploration/results/ppo_sweeps_general/N4_dtheta_pi20/seed_003/summary.json,1.239866508687157,21.0,43.720898645247814,0.4977556963083187,1.145385597283724,19.0,1.239866508687157,21,92.37975130859249
4,pi20,4,1000000,1.1692393560159526,20,43.46929752875701,0.5379610081080538,,monolithic,/Users/bthomases/Documents/Student_Projects/RL_cilia/RL_cilia_python/phase4_Nball_exploration/results/ppo_sweeps_general/N4_dtheta_pi20/seed_004/summary.json,1.239866508687157,21.0,43.46929752875701,0.5379610081080538,1.1692393560159526,20.0,1.239866508687157,21,94.30364864472479
4,pi20,5,1000000,1.180392641428201,20,40.91834258126521,0.5769503684485273,,monolithic,/Users/bthomases/Documents/Student_Projects/RL_cilia/RL_cilia_python/phase4_Nball_exploration/results/ppo_sweeps_general/N4_dtheta_pi20/seed_005/summary.json,1.239866508687157,21.0,40.91834258126521,0.5769503684485273,1.180392641428201,20.0,1.239866508687157,21,95.20320398669932
4,pi20,6,1000000,1.188510520121323,20,40.2826153229486,0.5900860758880472,,monolithic,/Users/bthomases/Documents/Student_Projects/RL_cilia/RL_cilia_python/phase4_Nball_exploration/results/ppo_sweeps_general/N4_dtheta_pi20/seed_006/summary.json,1.239866508687157,21.0,40.2826153229486,0.5900860758880472,1.188510520121323,20.0,1.239866508687157,21,95.8579421086055
4,pi20,7,1000000,1.171590380754767,20,41.65262071057782,0.5625530210430373,,monolithic,/Users/bthomases/Documents/Student_Projects/RL_cilia/RL_cilia_python/phase4_Nball_exploration/results/ppo_sweeps_general/N4_dtheta_pi20/seed_007/summary.json,1.239866508687157,21.0,41.65262071057782,0.5625530210430373,1.171590380754767,20.0,1.239866508687157,21,94.49326782730145
4,pi20,8,1000000,1.0861837687809188,18,45.330841796569935,0.4313025539167449,,monolithic,/Users/bthomases/Documents/Student_Projects/RL_cilia/RL_cilia_python/phase4_Nball_exploration/results/ppo_sweeps_general/N4_dtheta_pi20/seed_008/summary.json,1.239866508687157,21.0,45.330841796569935,0.4313025539167449,1.0861837687809188,18.0,1.239866508687157,21,87.60489626669839
4,pi20,9,1000000,1.1714426744042445,38,43.16831637491221,1.0311919798019185,,monolithic,/Users/bthomases/Documents/Student_Projects/RL_cilia/RL_cilia_python/phase4_Nball_exploration/results/ppo_sweeps_general/N4_dtheta_pi20/seed_009/summary.json,1.239866508687157,21.0,43.16831637491221,1.0311919798019185,1.1714426744042443,38.0,1.239866508687157,21,94.48135474234532
4,pi30,0,1000000,0.7283279672954297,26,44.666592624338776,0.4239528031373201,,monolithic,/Users/bthomases/Documents/Student_Projects/RL_cilia/RL_cilia_python/phase4_Nball_exploration/results/ppo_sweeps_general/N4_dtheta_pi30/seed_000/summary.json,0.8313385063254675,33.0,44.666592624338776,0.4239528031373201,0.7283279672954297,26.0,0.8313385063254675,33,87.60907401181903
4,pi30,1,1000000,0.7175002625180877,26,42.74494031534712,0.4364260819606852,,monolithic,/Users/bthomases/Documents/Student_Projects/RL_cilia/RL_cilia_python/phase4_Nball_exploration/results/ppo_sweeps_general/N4_dtheta_pi30/seed_001/summary.json,0.8313385063254675,33.0,42.74494031534712,0.4364260819606852,0.7175002625180877,26.0,0.8313385063254675,33,86.3066316619271
4,pi30,2,1000000,0.7535395677531154,28,42.73720255985224,0.4936941735374122,,monolithic,/Users/bthomases/Documents/Student_Projects/RL_cilia/RL_cilia_python/phase4_Nball_exploration/results/ppo_sweeps_general/N4_dtheta_pi30/seed_002/summary.json,0.8313385063254675,33.0,42.73720255985224,0.4936941735374122,0.7535395677531154,28.0,0.8313385063254675,33,90.64172560510579
4,pi30,3,1000000,0.7608906683817247,28,40.99625164018125,0.5196801625104401,,monolithic,/Users/bthomases/Documents/Student_Projects/RL_cilia/RL_cilia_python/phase4_Nball_exploration/results/ppo_sweeps_general/N4_dtheta_pi30/seed_003/summary.json,0.8313385063254675,33.0,40.99625164018125,0.5196801625104401,0.7608906683817247,28.0,0.8313385063254675,33,91.52597438856482
4,pi30,4,1000000,0.7862677508913206,31,42.17586591521028,0.5779205654397864,,monolithic,/Users/bthomases/Documents/Student_Projects/RL_cilia/RL_cilia_python/phase4_Nball_exploration/results/ppo_sweeps_general/N4_dtheta_pi30/seed_004/summary.json,0.8313385063254675,33.0,42.17586591521028,0.5779205654397864,0.7862677508913206,31.0,0.8313385063254675,33,94.57853147770571
4,pi30,5,1000000,0.7693925656031855,28,40.44747464530658,0.532616486586734,,monolithic,/Users/bthomases/Documents/Student_Projects/RL_cilia/RL_cilia_python/phase4_Nball_exploration/results/ppo_sweeps_general/N4_dtheta_pi30/seed_005/summary.json,0.8313385063254675,33.0,40.44747464530658,0.532616486586734,0.7693925656031855,28.0,0.8313385063254675,33,92.54865012856384
4,pi30,6,1000000,0.7421100727058683,56,42.17644695726256,0.985340564928088,,monolithic,/Users/bthomases/Documents/Student_Projects/RL_cilia/RL_cilia_python/phase4_Nball_exploration/results/ppo_sweeps_general/N4_dtheta_pi30/seed_006/summary.json,0.8313385063254675,33.0,42.17644695726256,0.985340564928088,0.7421100727058683,56.0,0.8313385063254675,33,89.26689514070621
4,pi30,7,1000000,0.7531379803098455,27,42.59120799018107,0.4774395098879039,,monolithic,/Users/bthomases/Documents/Student_Projects/RL_cilia/RL_cilia_python/phase4_Nball_exploration/results/ppo_sweeps_general/N4_dtheta_pi30/seed_007/summary.json,0.8313385063254675,33.0,42.59120799018107,0.4774395098879039,0.7531379803098455,27.0,0.8313385063254675,33,90.5934194770708
4,pi30,8,1000000,0.7344515562885084,26,42.67777176026764,0.4474399593954214,,monolithic,/Users/bthomases/Documents/Student_Projects/RL_cilia/RL_cilia_python/phase4_Nball_exploration/results/ppo_sweeps_general/N4_dtheta_pi30/seed_008/summary.json,0.8313385063254675,33.0,42.67777176026764,0.4474399593954214,0.7344515562885084,26.0,0.8313385063254675,33,88.34566794395207
4,pi30,9,1000000,0.7283239966125237,26,41.23660263607635,0.4592139677229097,,monolithic,/Users/bthomases/Documents/Student_Projects/RL_cilia/RL_cilia_python/phase4_Nball_exploration/results/ppo_sweeps_general/N4_dtheta_pi30/seed_009/summary.json,0.8313385063254675,33.0,41.23660263607635,0.4592139677229097,0.7283239966125237,26.0,0.8313385063254675,33,87.60859638653453
3,pi20,0,1000000,0.7486259537959812,23,36.569490766068846,0.4708404896161072,0.0,factored,/Users/bthomases/Documents/Student_Projects/RL_cilia/RL_cilia_python/phase6_factored/results/ppo_sweeps_phase6/N3_dtheta_pi20_factored/summary.csv,,,,,,,0.8013941717682974,48,93.41544774952858
4,pi30,9,1000000,0.5214274400800052,19,42.30046762263009,0.2342083177402026,0.0,factored,/Users/bthomases/Documents/Student_Projects/RL_cilia/RL_cilia_python/phase6_factored/results/ppo_sweeps_phase6/summary_all.csv,,,,,,,0.8313385063254675,33,62.72143490438386
4,pi30,8,1000000,0.6824875389577935,27,44.38792664311761,0.4151390917628628,0.0,factored,/Users/bthomases/Documents/Student_Projects/RL_cilia/RL_cilia_python/phase6_factored/results/ppo_sweeps_phase6/summary_all.csv,,,,,,,0.8313385063254675,33,82.09502311812811
3,pi30,6,1000000,0.4483508927763136,30,38.31665671019151,0.3510360229239891,0.0,factored,/Users/bthomases/Documents/Student_Projects/RL_cilia/RL_cilia_python/phase6_factored/results/ppo_sweeps_phase6/summary_all.csv,,,,,,,0.5394214790584808,35,83.11698925279654
3,pi30,5,1000000,0.4876363983890942,30,37.36460451603866,0.3915227296302126,0.0,factored,/Users/bthomases/Documents/Student_Projects/RL_cilia/RL_cilia_python/phase6_factored/results/ppo_sweeps_phase6/summary_all.csv,,,,,,,0.5394214790584808,35,90.39988530679692
3,pi30,4,1000000,0.4102557390193518,26,35.570276695867335,0.2998753511451439,0.0,factored,/Users/bthomases/Documents/Student_Projects/RL_cilia/RL_cilia_python/phase6_factored/results/ppo_sweeps_phase6/summary_all.csv,,,,,,,0.5394214790584808,35,76.05476514124392
3,pi30,3,1000000,0.4502038483841492,29,37.16168756397784,0.3513271990316148,0.0,factored,/Users/bthomases/Documents/Student_Projects/RL_cilia/RL_cilia_python/phase6_factored/results/ppo_sweeps_phase6/summary_all.csv,,,,,,,0.5394214790584808,35,83.46049719227825
3,pi30,2,1000000,0.4459051382271463,30,36.23416760515682,0.3691861861595674,0.0,factored,/Users/bthomases/Documents/Student_Projects/RL_cilia/RL_cilia_python/phase6_factored/results/ppo_sweeps_phase6/summary_all.csv,,,,,,,0.5394214790584808,35,82.66358599687943
3,pi30,1,1000000,0.4403262947104002,31,38.989878408813446,0.3500938113450714,0.0,factored,/Users/bthomases/Documents/Student_Projects/RL_cilia/RL_cilia_python/phase6_factored/results/ppo_sweeps_phase6/summary_all.csv,,,,,,,0.5394214790584808,35,81.62935882326308
3,pi30,0,1000000,0.5095766400072943,33,36.671941229292216,0.4585530123725405,0.0,factored,/Users/bthomases/Documents/Student_Projects/RL_cilia/RL_cilia_python/phase6_factored/results/ppo_sweeps_phase6/summary_all.csv,,,,,,,0.5394214790584808,35,94.46725052489967
3,pi30,7,1000000,0.4893766200634987,32,35.97457834978997,0.4353088364167966,0.0,factored,/Users/bthomases/Documents/Student_Projects/RL_cilia/RL_cilia_python/phase6_factored/results/ppo_sweeps_phase6/summary_all.csv,,,,,,,0.5394214790584808,35,90.72249420206039
3,pi20,9,1000000,0.7411915217837853,20,37.34936230501397,0.3968964801759327,0.0,factored,/Users/bthomases/Documents/Student_Projects/RL_cilia/RL_cilia_python/phase6_factored/results/ppo_sweeps_phase6/summary_all.csv,,,,,,,0.8013941717682974,48,92.48776044232099
3,pi20,7,1000000,0.6959826178451359,21,37.414063435429725,0.3906454854862782,0.0,factored,/Users/bthomases/Documents/Student_Projects/RL_cilia/RL_cilia_python/phase6_factored/results/ppo_sweeps_phase6/summary_all.csv,,,,,,,0.8013941717682974,48,86.84647859485077
3,pi20,6,1000000,0.7174139670056113,24,36.73495866599329,0.4687070799421876,0.0,factored,/Users/bthomases/Documents/Student_Projects/RL_cilia/RL_cilia_python/phase6_factored/results/ppo_sweeps_phase6/summary_all.csv,,,,,,,0.8013941717682974,48,89.52073677084755
3,pi20,5,1000000,0.7015923163811663,20,37.586213714978975,0.3733242841119512,0.0,factored,/Users/bthomases/Documents/Student_Projects/RL_cilia/RL_cilia_python/phase6_factored/results/ppo_sweeps_phase6/summary_all.csv,,,,,,,0.8013941717682974,48,87.5464710247498
3,pi20,4,1000000,-0.094870168502057,22,-4.506695638386065,0.4631206264003891,0.0,factored,/Users/bthomases/Documents/Student_Projects/RL_cilia/RL_cilia_python/phase6_factored/results/ppo_sweeps_phase6/summary_all.csv,,,,,,,0.8013941717682974,48,-11.838140561057921
3,pi20,3,1000000,0.7543392098653686,24,37.30221256803537,0.485336922139639,0.0,factored,/Users/bthomases/Documents/Student_Projects/RL_cilia/RL_cilia_python/phase6_factored/results/ppo_sweeps_phase6/summary_all.csv,,,,,,,0.8013941717682974,48,94.12836235143803
3,pi20,2,1000000,0.7731761750104543,22,36.4294317269466,0.466926741479964,0.0,factored,/Users/bthomases/Documents/Student_Projects/RL_cilia/RL_cilia_python/phase6_factored/results/ppo_sweeps_phase6/summary_all.csv,,,,,,,0.8013941717682974,48,96.4788867012123
3,pi20,1,1000000,0.7837514548308266,22,36.84763897505014,0.4679412978930144,0.0,factored,/Users/bthomases/Documents/Student_Projects/RL_cilia/RL_cilia_python/phase6_factored/results/ppo_sweeps_phase6/summary_all.csv,,,,,,,0.8013941717682974,48,97.79849697452357
3,pi20,8,1000000,0.7108308004457606,25,36.83128760537189,0.4824911418125966,0.0,factored,/Users/bthomases/Documents/Student_Projects/RL_cilia/RL_cilia_python/phase6_factored/results/ppo_sweeps_phase6/summary_all.csv,,,,,,,0.8013941717682974,48,88.69927252868507
4,pi20,0,1000000,1.1765180562596478,19,42.023904924883006,0.5319316019986817,0.0,factored,/Users/bthomases/Documents/Student_Projects/RL_cilia/RL_cilia_python/phase6_factored/results/ppo_sweeps_phase6/summary_all.csv,,,,,,,1.239866508687157,21,94.89070379886411
4,pi30,7,1000000,0.6442157404940866,26,43.03091998191881,0.3892459017814232,0.0,factored,/Users/bthomases/Documents/Student_Projects/RL_cilia/RL_cilia_python/phase6_factored/results/ppo_sweeps_phase6/summary_all.csv,,,,,,,0.8313385063254675,33,77.49138715365572
4,pi30,6,1000000,0.6409944774511702,25,41.15711243617391,0.3893582661108811,0.0,factored,/Users/bthomases/Documents/Student_Projects/RL_cilia/RL_cilia_python/phase6_factored/results/ppo_sweeps_phase6/summary_all.csv,,,,,,,0.8313385063254675,33,77.10390804395412
4,pi30,5,1000000,0.7713976930803074,29,41.023428617768175,0.5453111515315843,0.0,factored,/Users/bthomases/Documents/Student_Projects/RL_cilia/RL_cilia_python/phase6_factored/results/ppo_sweeps_phase6/summary_all.csv,,,,,,,0.8313385063254675,33,92.78984279098299
4,pi30,4,1000000,0.7067869180992399,29,41.81709468770164,0.4901541051082644,0.0,factored,/Users/bthomases/Documents/Student_Projects/RL_cilia/RL_cilia_python/phase6_factored/results/ppo_sweeps_phase6/summary_all.csv,,,,,,,0.8313385063254675,33,85.01794548447563
4,pi30,3,1000000,0.744787540106798,29,41.85759283471614,0.5160076631349749,0.0,factored,/Users/bthomases/Documents/Student_Projects/RL_cilia/RL_cilia_python/phase6_factored/results/ppo_sweeps_phase6/summary_all.csv,,,,,,,0.8313385063254675,33,89.58896219047685
4,pi30,2,1000000,0.6441155401510538,24,43.968123196644186,0.3515904669045587,0.0,factored,/Users/bthomases/Documents/Student_Projects/RL_cilia/RL_cilia_python/phase6_factored/results/ppo_sweeps_phase6/summary_all.csv,,,,,,,0.8313385063254675,33,77.47933426036731
4,pi30,1,1000000,0.7039973030742079,26,41.87917596328244,0.4370651871464083,0.0,factored,/Users/bthomases/Documents/Student_Projects/RL_cilia/RL_cilia_python/phase6_factored/results/ppo_sweeps_phase6/summary_all.csv,,,,,,,0.8313385063254675,33,84.68238842753595
4,pi30,0,1000000,0.5773333826590359,22,44.040843539140624,0.2883989814411859,0.0,factored,/Users/bthomases/Documents/Student_Projects/RL_cilia/RL_cilia_python/phase6_factored/results/ppo_sweeps_phase6/summary_all.csv,,,,,,,0.8313385063254675,33,69.44624581518073
4,pi20,9,1000000,1.0322275654381514,16,41.809924178077246,0.3950172446299314,0.0,factored,/Users/bthomases/Documents/Student_Projects/RL_cilia/RL_cilia_python/phase6_factored/results/ppo_sweeps_phase6/summary_all.csv,,,,,,,1.239866508687157,21,83.25312105826087
4,pi20,8,1000000,1.1330403580488335,18,44.41219911543376,0.4592145142795147,0.0,factored,/Users/bthomases/Documents/Student_Projects/RL_cilia/RL_cilia_python/phase6_factored/results/ppo_sweeps_phase6/summary_all.csv,,,,,,,1.239866508687157,21,91.38406030892493
4,pi20,7,1000000,1.0778706171682215,17,44.94608727821609,0.4076839965720602,0.0,factored,/Users/bthomases/Documents/Student_Projects/RL_cilia/RL_cilia_python/phase6_factored/results/ppo_sweeps_phase6/summary_all.csv,,,,,,,1.239866508687157,21,86.93440863319502
4,pi20,6,1000000,1.1125824913455191,18,45.49947902858739,0.4401475637036784,0.0,factored,/Users/bthomases/Documents/Student_Projects/RL_cilia/RL_cilia_python/phase6_factored/results/ppo_sweeps_phase6/summary_all.csv,,,,,,,1.239866508687157,21,89.73405471880892
4,pi20,5,1000000,1.101369244023278,18,45.44217746797598,0.4362609253570614,0.0,factored,/Users/bthomases/Documents/Student_Projects/RL_cilia/RL_cilia_python/phase6_factored/results/ppo_sweeps_phase6/summary_all.csv,,,,,,,1.239866508687157,21,88.82966321829856
4,pi20,4,1000000,1.0738234315227253,19,41.84311280637315,0.487598647197783,0.0,factored,/Users/bthomases/Documents/Student_Projects/RL_cilia/RL_cilia_python/phase6_factored/results/ppo_sweeps_phase6/summary_all.csv,,,,,,,1.239866508687157,21,86.60798755341429
4,pi20,3,1000000,1.1448221214267555,21,41.2192914759592,0.5832527365004254,0.0,factored,/Users/bthomases/Documents/Student_Projects/RL_cilia/RL_cilia_python/phase6_factored/results/ppo_sweeps_phase6/summary_all.csv,,,,,,,1.239866508687157,21,92.33430481471429
4,pi20,2,1000000,1.0989047737104716,19,42.45322117003447,0.4918164069782412,0.0,factored,/Users/bthomases/Documents/Student_Projects/RL_cilia/RL_cilia_python/phase6_factored/results/ppo_sweeps_phase6/summary_all.csv,,,,,,,1.239866508687157,21,88.63089421409214
4,pi20,1,1000000,1.19365780588885,19,41.49977734205145,0.5464968673195064,0.0,factored,/Users/bthomases/Documents/Student_Projects/RL_cilia/RL_cilia_python/phase6_factored/results/ppo_sweeps_phase6/summary_all.csv,,,,,,,1.239866508687157,21,96.27309049203728
3,pi30,8,1000000,0.3219417937993439,45,40.428387541469704,0.3583467360925524,0.0,factored,/Users/bthomases/Documents/Student_Projects/RL_cilia/RL_cilia_python/phase6_factored/results/ppo_sweeps_phase6/N3_dtheta_pi30_factored/summary.csv,,,,,,,0.5394214790584808,35,59.68279097103601
3,pi30,9,1000000,0.4319273733254494,28,35.79859026825611,0.3378335951915049,0.0,factored,/Users/bthomases/Documents/Student_Projects/RL_cilia/RL_cilia_python/phase6_factored/results/ppo_sweeps_phase6/N3_dtheta_pi30_factored/summary.csv,,,,,,,0.5394214790584808,35,80.07233491690872
